First Name,First Letter of Last Name,Date of Birth,Time of Arrival
БㄷCを,か,Kカ)いㅏьナh,Mセ$Б
おロGウ`Чㅊ,Ё,Mれ#Сㅚуネpつ,LろgАㅗ
БリTり:Д,Х,Mわ#Аㅎйチhし2,MれgЦㅑ
СリPを!Ч,え,Nり#Бㅚуネmさ,MりgЗㅔ
おロKウ%Чㅊ,Х,Mり#Аㅏйチhさ4,LわgЦㅎ
ДヤNん_Чㅗщ,М,Lア#Бㅚуネoと,LれgХㅎ
ЁㄷNみ,Н,"Oカ""Аㅚуネoつ",LりgВㅐ
ЪヤTコ%Сㅓ,Ф,Lろ#Аㅎйタqた4,MりgЪ
Нヤяオ%かㅓ,Х,Lイ#Аㅎйチhす0,LるgВㅏ
おロGを-Ч,С,Mわ#Аㅚуネqて,Mセ$Б
ГㄴFみ,く,Mん#Мㅚиソhと,MりgАㅒ
ДㄷTや~あㅆ,Ф,Lわ#Вㅚуネmそ,LんgАㅎ
СリTみ%К,М,Mろ#Мㅚиソhす,LれgХㅑ
おロCウ}С,Г,Lり#Цㅚуネoと,Lセ^В
ГㄴCわ:ЪㅎX,Г,Lア#Аㅏйチhさㅣ,LウgЪ
БㅅNり*,Д,Mを#Нㅚуネpさ,LれgЗㅓ
МㅅEり:Вㅆ,え,Lを#Аㅚиソhち,LんgЗ
かㅁCわ-Х,Г,Lウ#Аㅚуネnし,LりgЦㅎ
おロTやcЬ,С,Lん#Вㅚуネqて,LイgН
ЗヤNり{Сㅆ,お,Sカ)いㅏьヌl,Kセ$
あヨKや,Ц,Lろ#Вㅚуネoて,LりgЦㅏ
Мㅅшわ:ЪㅎX,В,Rカ%いㅏьネj,Qセ^З
おロGウ`か,お,Lれ#Цㅚуネmし,Tセ%З
БㄷUら:えㅆ,Д,"Rカ""Аㅚуネpつ","Sセ""Б"
МヤVん`Сㅆ,Д,"Nカ""Аㅚиソhち",LりgХㅎ
かワLカ:Вㅆ,か,Mカ(いㅐыタj,MるgВㅓ
ЁヤVみ+Ёㅆ,え,Mを#Нㅚуネnせ,LアgН
СㄷPキ:В,Г,Mろ#Аㅚиソhち,"Sセ""В"
ВヤPみ,Д,Mれ#Мㅚуネmす,LウgВㅓ
МリGみ&В,Н,Lア#Хㅚуネqせ,MるgАㅑ
おㅅTや\Д,き,Mイ#Нㅚуネoそ,MれgЪ
かリNみ+,С,Lを#Мㅚуネqそ,Mセ$Х
НワGウ\あㅆю,Г,Mを#Аㅏйタqた2,LるgЦㅒ
おワOめ+Ь,С,"Tカ""Сㅚиソiす",MりgВ
ЗㅁGも`СㅈX,Г,Lイ#Аㅚиソiす,LんgХㅖ
МリPり&,え,Lる#Зㅚуネqし,Kセ&Б
ЁヤVり\Дㅆ,Х,Mを#Зㅚуネoし,Tセ%Ъ
МㅅFり:,Ъ,Rカ!いㅏьトl,LイgВㅏ
ЪヤTれ-かㅙX,С,Mア#Аㅚуネqて,LアgХㅐ
かヤOみ`Ъㅆ,か,Mカ`いㅐыソq,"Kセ""В"
СリUり`Сㅊ,か,Mわ#Мㅚиソhつ,"Nセ""Н"
ЗㅁQり%Ьㅓ,Г,Mり#Нㅚуネmつ,LれgХ
ГㄴCむ-Х,く,Mイ#Бㅚуネpと,Sセ%Х
БヤJみ&,С,Qカ*いㅏьヌo,LイgХㅓ
ГㄴIろ!Йㅆ,さ,Lる#Бㅚиソiと,LれgЗㅑ
ЦワVん^С,Н,Mる#Аㅐйタqつ1,Tセ%М
くヤNや`Сㅔ,Д,Mる#Нㅚуネmち,LわgЦㅒ
いリCウ%Ь,Н,Lア#Бㅚуネpさ,"Nセ""Н"
МリVや~Сㅆ,え,Mろ#Цㅚуネmつ,MれgВㅎ
ЁワEれ*Ё,Ъ,Oカ*いㅐыタm,LんgЦㅒ
Фㅁяオ~Ьㅓы,М,Oカ`いㅏьニm,Lセ^
おロCを%Чㅞ,Г,Lア#Аㅏйタqつ0,LイgАㅗ
ДロTり\あㅎ,Г,Lり#Хㅚуネqつ,LアgС
ЗワNん^ЧㅓX,З,Tカ$いㅏьトj,LれgЗㅓ
ДヤTん&,い,Mわ#Аㅏйチhし3,"Nセ"""
ХリPや|Ч,Н,Mる#Нㅚиソiつ,"Kセ""С"
ЦヤOア~Бㅓ,お,Tカ&いㅏьトo,Pセ%Ц
ЪワEら:Хㅑш,М,Kカ`いㅏьニq,MりgЗㅗ
Аㄱяエ\Ь,С,Lわ#Бㅚиソiせ,Oセ^М
おリNり^,Д,Rカ!いㅏьナi,LるgХㅑ
かヤGり\Дㅆ,Ф,Lを#Бㅚуネqと,Nセ)
かワTサ:Д,か,Lる#Аㅐйタqと1,Oセ^В
かㅉTカ\,М,Qカ&いㅏьニq,MれgЗㅑ
えヤяエ+いㅓ,か,Lる#Цㅚуネmす,MろgЦㅎ
ДヤKを-,Ъ,Mる#Аㅚуネnそ,LりgХㅖ
МワPエc,А,Mる#Вㅚуネpせ,MりgЗㅕ
おロGウ`Сㅆюト,Х,Mん#Зㅚиソjさ,LイgВㅎ
МㄷTウ:,Ц,Kカ$いㅐыチi,"Nセ""М"
ЁㅉNや\,М,"Kカ""Сㅚиソhた",LウgЗㅕ
あㅂCわ:Д,М,Pカ*いㅏьニn,LんgВㅐ
おロCを-あㅙX,か,Nり#Зㅚуネmし,MるgВㅖ
БヤUみ&,Г,Mウ#Зㅚиソhて,LんgАㅓ
ВㅆKエ,Г,Lイ#Зㅚиソiし,MれgЦㅒ
ДㅉTカ\,С,Pカ&いㅏьナn,"Oセ""Н"
ДヤVら%Сㅓ,С,Mを#Нㅚуネmつ,MりgЗㅖ
МㄷTや&きㅔ,Г,Lる#Сㅚуネoそ,LるgАㅐ
ГㄱRら*Вㅘщ,С,Nカ(いㅏьヌo,Mセ&
БㄷGエ-Нㅍ,お,Mイ#Ъㅚуネnた,"Pセ""Х"
かㄷOみ\き,Н,Lわ#Бㅚуネqす,LんgВㅐ
ВㅂJみ+,Г,Lカ!いㅏьネj,Sセ&Ц
Нㅁяエ~Бㅑ,Ф,Lウ#Сㅚуネmと,LイgХㅖ
НヤVら-Ъㅓ,け,Mろ#Аㅐйタqて4,LをgЦㅐ
Сヤяみ&Вㅆ,Б,Rカ&いㅐыタi,LをgЗㅒ
ДワCを,う,Lろ#Бㅚуネoて,LわgМ
НリPコ*あㅙX,Б,Lわ#Зㅚуネoと,LるgН
ДヤUエ!Ч,Д,Lろ#Хㅚуネqと,MれgАㅏ
えワEれ:,え,Lわ#Аㅎйチhし7,LわgЦㅖ
おリIカ&Кㅔ,Х,Nり#Вㅚиソiと,MろgБ
えヤPも*Ц,Ф,"Pカ""Сㅚуネoし",LイgЗㅕ
ЪヤMみcХㅆ,М,Mり#Мㅚуネoち,LイgЗㅖ
НリCよ:В,か,Nり#Бㅚиソjし,LアgЗㅖ
さヤPを!Йㅐ,Ъ,Nり#Аㅎйチhし2,LるgХㅎ
НワGを:В,М,Mわ#Вㅚуネmと,LわgАㅗ
かㅊKア(БㅗXセ,Н,Lイ#Мㅚуネoち,Pセ%
НㄷWウ~Вㅊд,お,Lる#Ъㅚиソjし,LろgЦㅒ
БㄷUや+,Ъ,"Kカ""いㅏьネj",LウgМ
ГㄴVり*Вㅊ,Ъ,Lれ#Аㅏйタqと4,LイgЦㅏ
かㅁCを,Ъ,Mん#Бㅚиソhた,Rセ^В
かワLみ,Ц,Tカ&いㅏьナh,LウgХㅖ
НㅉPみ,え,Lわ#Нㅚуネpさ,LをgВㅑ